<?xml version="1.0" encoding="UTF-8"?>
<additionalHeaders>
    <javadoc_style>
        <firstLine>/*</firstLine>
        <beforeEachLine> * </beforeEachLine>
        <endLine> */</endLine>
        <!--skipLine></skipLine-->
        <firstLineDetectionPattern>(\s|\t)*/\*.*$</firstLineDetectionPattern>
        <lastLineDetectionPattern>.*\*/(\s|\t)*$</lastLineDetectionPattern>
        <allowBlankLines>false</allowBlankLines>
        <isMultiline>true</isMultiline>
    </javadoc_style>
</additionalHeaders>